f7788289-5b12-4658-8901-cfa0c4228bd9,foleygina,+AhA5CAfxD,False,Radio price spend test either step. Investment offer increase claim save list heart. Face cause science under very could either. Old politics page home you report drop.,internal,Richard,Paul,Ward,,85725720,29351824,48884198,Austin Group,0,,True,49420265,Miss,Public relations officer,,payneleslie@example.org,,,,,,,4600 Burns Port,,Smithshire,ME,60357,,,,,,347-528-7687,,,,001-894-600-1041x4836,Task baby direction visit guess throughout. Population care cost peace color case unit. Find ground study establish fact. Page article central whom loss population program.,1,,1,,,,yZWFkxXGc,,,False,Operational investment banker,,,False,0,Macias-Murphy,0
44273194-442b-42a9-ad86-a15120ef25e8,arnoldcharles,2Cp*H3Tx$5,False,"Defense security beautiful factor.
Fly rise last than. Point home receive any.
Yet or fill provide use others turn. Build may democratic two could. Must director onto probably.",internal,Craig,Ronald,Murray,,78688414,71927923,55294218,Higgins Group,0,,True,79758703,Dr.,Outdoor activities/education manager,,morenomiguel@example.net,,,,,,,05626 White Port,,Stevenmouth,ID,35180,,,,,,685.240.3486x609,,,,(609)616-6554,Himself option each generation continue around local. Six word great here everyone machine same. Toward once by last.,1,,1,,,,wUQEPVoAv,,,False,"Accountant, chartered public finance",,,False,0,"Johnson, Short and Medina",0
cfd00a00-4d2c-4fb1-9427-790f9acf6553,brenda90,DhJYU@cL!5,False,"Poor within support picture conference. Manage evidence dream government head.
Child field church news. Six author and.
Class room process. Large soon red. Question personal a.",internal,Mark,Rebecca,Adams,,35950868,27331743,35316947,"Morales, Brooks and Schmidt",0,,True,57898070,Mrs.,Jewellery designer,,jessica93@example.com,,,,,,,7219 Hutchinson Prairie,,Jasonchester,PA,38998,,,,,,873.248.6980,,,,843.771.2932x5375,"Success actually career under. News rise hot agree. Chance friend move town tax guess nearly.
Environment appear fight name so perform public such.",1,,1,,,,ecrlyXGYV,,,False,Electronics engineer,,,False,0,Mckee-Hudson,0
6bed1fb3-1fe6-4393-8b92-c4f3dfa8a457,bryan12,l3Q@cCIp(g,False,"Push medical majority stop. Quality particular way financial despite cut space. Much they case us each describe.
Will toward shake subject nature key. Threat join source economy full.",internal,Brent,Beverly,Gutierrez,,24385886,84574480,47709126,"Wilson, Walsh and Fry",0,,True,09827257,Mrs.,"Designer, graphic",,brianburch@example.com,,,,,,,984 Lara Grove,,Angelamouth,OK,62407,,,,,,991-370-3990x57586,,,,(331)313-8893x2569,Big drug knowledge shoulder. Name opportunity anyone rule hundred indeed thing traditional.,1,,1,,,,xlUpVWwvb,,,False,Occupational psychologist,,,False,0,"Hancock, Braun and Miller",0
dde21ef0-e614-4d3f-9b0e-be5e06178e96,jodievans,+QInlJaMl4,False,"Student really agency create that hot. Company choice treatment single from.
Language speak cell fire take approach toward remember. Kind tonight address star what.
Provide suddenly how research.",internal,Colleen,Mark,Hicks,,48756006,17528399,15609212,"Bond, Smith and Wilson",0,,True,39952400,Miss,Location manager,,gonzalestimothy@example.com,,,,,,,901 Mario Mission,,Jamesstad,GU,73076,,,,,,(923)896-5550,,,,+1-906-803-3306x021,"Threat approach toward. Whole month public nice.
Inside about third bill.
Top above major individual blue our security. Politics concern lead.",1,,1,,,,VREjpuBNv,,,False,Special effects artist,,,False,0,"Jefferson, Cohen and Brock",0
