3900230a-7448-4a39-914d-e819924e7253,matthew48,h57BCOrP$5,False,"Military go site hair protect. Have area sister leave.
Church treatment audience the. Down Mrs control finish late rock. Billion picture exactly create support.
Person learn later girl.",internal,Elizabeth,Shawn,Valdez,,86074384,01592733,22712516,Davis-Shields,0,,True,13629762,Mr.,Dispensing optician,,elizabethblackburn@example.com,,,,,,,8589 Samuel Road,,Angelaville,PA,03476,,,,,,980-366-4863,,,,980-274-8261,"East discuss stand seat stock. Rate explain may member entire age.
Cover lose performance democratic both. Name environmental behind alone minute.",1,,1,,,,DTgkaUfOH,,,False,Exercise physiologist,,,False,0,Chapman LLC,0
9ba66f37-91b7-481a-83e2-3b6fe2453624,joseallen,B(47)I%q9a,False,Shake development suffer degree. Service remember north agent management left often trade. Stand happen effort detail less actually of. Final similar none animal two mouth across somebody.,internal,Dustin,Ryan,Gonzalez,,87003284,15945884,89169599,Goodwin-Moore,0,,True,20699963,Mx.,Midwife,,sean26@example.org,,,,,,,568 Mcfarland Fields Apt. 307,,Emilyport,FL,50615,,,,,,258.602.3085,,,,+1-276-221-7572x3184,"After decision floor process person. Civil politics main collection matter exactly.
More a tax medical work. Success strong thing star.",1,,1,,,,yTEcaTKlA,,,False,"Solicitor, Scotland",,,False,0,Hill-Simpson,0
8922daa7-c1a0-4cdc-a572-085886995e65,cparks,6eng@eyn*X,False,Guy take animal song. Attention evening reach find girl box several company.,internal,Tracy,Mark,Wallace,,39367457,11241133,67153077,Wang Inc,0,,True,70568196,Mrs.,"Surveyor, planning and development",,peterhill@example.com,,,,,,,57549 Jacob Garden,,Port Joshuamouth,FL,97825,,,,,,001-576-896-5459x3323,,,,(523)841-0640,"Teach member current little admit. Ask hour perform budget. Notice site maybe hair.
Difficult customer serve put education identify alone. Into everything major name call even certain.",1,,1,,,,HSqfRdNTh,,,False,Public house manager,,,False,0,Huber Inc,0
30067d49-8b63-4535-8429-3ca1ed5298b1,mcmillanshawn,#9Xwoa&d#m,False,Bring there particular shoulder rate hundred expect. Market position official pressure. Dark long company number out.,internal,Joseph,Kelly,Watson,,28273028,73539773,43196241,Bryant PLC,0,,True,86707947,Mr.,Dancer,,fred69@example.org,,,,,,,5665 Heidi Ferry,,Cooktown,SC,11124,,,,,,+1-899-495-3832x07842,,,,945.324.9260x7610,Nature hundred want at. Entire piece stock conference size hour represent. Energy major next term protect.,1,,1,,,,CLgPEYnOe,,,False,Retail buyer,,,False,0,House Inc,0
56d11463-493a-4f41-8236-27ddaa3e337e,smorgan,J%x4NPr8wQ,False,When behind let always move name. Provide many miss free parent thing. Result news again hundred return compare.,internal,Stephanie,Christopher,Watson,,23472945,07131059,34764367,"Arnold, Lynch and Murphy",0,,True,17792684,Mx.,"Investment banker, operational",,nelsonjason@example.com,,,,,,,7263 Bell Ways,,Barnesberg,FM,71869,,,,,,820-517-9641x4436,,,,626-394-0127,"Positive use side discover born specific lawyer. Technology edge area Congress race pull quality. Policy little form though box.
Subject seek eight phone. Structure offer whose.",1,,1,,,,BVKZlRWOT,,,False,Biomedical scientist,,,False,0,"Pittman, Khan and Randall",0
